Bridges,Jeremy,Egrubus,17581,75
Cline,Ernest,Tuummouth,35931,70
Villarreal,Jamya,Flobridge,22033,65
Branch,Alexzander,Cheexdence,90664,96
Cain,Macie,Glaxshire,61747,60
Valentine,Sebastian,Ijedo,33336,84
Fry,Marques,Codon,49461,92
Herring,Kierra,Phesa,24455,78
Melton,Zachary,Olndale,46115,76
Lamb,Jamir,Illeland,96254,56
Crane,Taniyah,Geuchester,33330,97
Riley,Adeline,Ponard,79917,74
Ramsey,Ruben,Qruhson,15625,73
Sanchez,Coleman,Voisridge,85132,74
Miranda,Jada,Khidence,51177,91
Vang,Kaia,Teigh,91098,100
Leach,Emelia,Tane,50030,64
Archer,Matteo,Hance,34258,63
Novak,Amara,Eleyby,98582,58
Wood,Jasmin,Innard,57793,63
Decker,Diana,Sludhull,49560,70
Yoder,Heaven,Wraland,43549,73
Fuller,Yasmine,Giby,53368,86
Schneider,Kaydence,Vristead,62852,77
Weeks,Beckham,Zrocford,55583,97
Navarro,Noelle,Ichaco,72829,50
Ward,Justin,Fico,74617,73
Kent,Madilyn,Ezleka,14771,76
Fox,Avery,Itagow,37096,55
Lutz,Spencer,Osestead,69945,60
Bauer,Precious,Izrudale,97291,73
Boyd,Isabel,Siaginia,30058,78
King,Skylar,Zhitton,71381,96
Gray,Ashleigh,Chepver,21009,59
Wolfe,Travis,Sarnard,45131,52
Dawson,Finley,Bury,93396,87
Spencer,Macey,Khadena,32276,60
Stephens,Heath,Waso,78399,86
Faulkner,Markus,Itatin,81131,97
Mckay,Rashad,Anegate,19897,69
Cowan,Leland,Quburgh,12883,78
Mays,Kaylyn,Exahull,81680,55
Downs,Zane,Khaafield,44119,58
Jefferson,Joselyn,Rever,56796,100
Adams,Carson,Maagow,59197,70
Gentry,Francisco,Vrolis,17713,95
Conrad,Vance,Wouver,49322,74
Cisneros,Gilbert,Kard,21038,96
Combs,Kasen,Ouistol,50731,81
Barron,Johnny,Adata,87108,55
Pineda,Irvin,Vluirford,77161,61
Rodriguez,Jameson,Slosmore,28041,99
Oconnell,Jordon,Clemvale,47055,66
Sweeney,Marc,Shudence,33935,89
Riggs,Rhys,Nuecdon,58467,82
Buckley,Antony,Sares,95957,71
Shah,Javon,Uxagos,98501,91
Marquez,Kieran,Iyedo,87771,70
Landry,Turner,Inross,57268,56
Ayala,Dwayne,Oragas,94162,67
Mcfarland,Gilberto,Lufsas,84774,52
Richard,Cannon,Cuset,90603,68
Rojas,Harrison,Ephustin,86414,81
Mason,Geovanni,Blelstead,65548,85
Terrell,Finley,Phornard,96885,97
Nielsen,Kayden,Caco,90854,86
Wyatt,Giancarlo,Yhento,52802,93
Salas,Ryan,Noni,60609,55
Yu,Leroy,Arkland,61307,61
Cortez,Ramiro,Ardbert,45096,67
Meza,Salvador,Wumpool,24716,51
Burgess,Kamron,Ugliham,42056,60
Goodman,Gianni,Struiross,81850,87
Moody,Anderson,Sharpus,89149,82
Williams,Leandro,Fruyburg,48514,84
Stevens,Misael,Coria,93304,100
Luna,Rex,Iqronio,65058,82
Velez,Colby,Rance,28711,99
Harrell,Dexter,Ertonlens,35020,61
Cardenas,Jean,Uryginia,31862,83
Cox,Aydan,Qreham,37927,77
Crosby,Rodolfo,Qirora,43431,83
Spears,Darren,Wopolis,64801,60
Dyer,Marshall,Blofrora,80357,53
Arias,Seth,Qeupcaster,96122,56
Owens,Andreas,Franta,63782,96
Ware,Pierce,Phila,12490,51
Wright,Harold,Floit,89798,60
Cunningham,Will,Aressey,56087,61
Evans,Parker,Amledo,20404,91
Fleming,Shane,Obutross,91459,86
Paul,Orlando,Criburgh,46981,83
Herman,Bryson,Tricaster,69653,75
Proctor,Nathan,Xuutrough,21397,94
Morales,Salvatore,Ploita,34128,94
Sanford,Amari,Douver,90614,55
Rosario,Russell,Zleigh,44216,94
Weaver,Josiah,Cleles,61884,58
Norman,Reilly,Ontta,75741,75
Barry,Sergio,Eleyvale,57477,65
Davidson,Sage,Photin,23078,75
Duke,Davion,Xeuron,98947,61
Webster,Elijah,Vlerora,85595,97
Howard,Ayaan,Crorgas,48119,64
Chase,Edgar,Blanstead,41570,56
Fields,Sawyer,Chaka,79309,75
Perez,Alvaro,Pul,41374,80
Galloway,Pablo,Kark,55906,52
